{"cameraMode":{"drawMode":0,"name":"Shaded","section":"Shading Mode"},"sceneLighting":false,"audioPlay":false,"sceneViewState":{"showFog":true,"showMaterialUpdate":true,"showSkybox":true,"showFlares":true,"showImageEffects":true,"showParticleSystems":true},"in2DMode":false,"pivot":{"x":-0.02881336212158203,"y":4.672746181488037,"z":0.07788372039794922},"rotation":{"x":-0.16761882603168488,"y":0.4297328293323517,"z":-0.08156322687864304,"w":-0.8835474252700806},"size":12.913179397583008,"orthographic":false}